https://serenovastage.wpengine.com/,200
https://serenovastage.wpengine.com/apis-and-integrations,200
https://serenovastage.wpengine.com/aws-global-infrastructure,200
https://serenovastage.wpengine.com/cdn-cgi/l/email-protection,404
https://serenovastage.wpengine.com/case-study/abbvie,410
https://serenovastage.wpengine.com/case-study/mitel,410
https://serenovastage.wpengine.com/case-study/stella-dot,410
https://serenovastage.wpengine.com/channels,200
https://serenovastage.wpengine.com/classic,200
https://serenovastage.wpengine.com/classic/liveops-authoring,200
https://serenovastage.wpengine.com/classic/liveops-chat,200
https://serenovastage.wpengine.com/classic/liveops-email,200
https://serenovastage.wpengine.com/classic/liveops-engage,200
https://serenovastage.wpengine.com/classic/liveops-recording,200
https://serenovastage.wpengine.com/classic/liveops-reporting,200
https://serenovastage.wpengine.com/classic/liveops-social,200
https://serenovastage.wpengine.com/classic/liveops-voice,200
https://serenovastage.wpengine.com/classic/sms-text-messaging,200
https://serenovastage.wpengine.com/classic/twitter-customer-service,200
https://serenovastage.wpengine.com/cloud-contact-center-roi-calculator,200
https://serenovastage.wpengine.com/cloud-contact-center-roi-calculator-OLD?CLS=MKTG_Website_Download,404
https://serenovastage.wpengine.com/command-and-control-architecture,200
https://serenovastage.wpengine.com/company,200
https://serenovastage.wpengine.com/company/awards,200
https://serenovastage.wpengine.com/company/careers,404
https://serenovastage.wpengine.com/company/careers/openings,404
https://serenovastage.wpengine.com/company/green,410
https://serenovastage.wpengine.com/company/leadership,200
https://serenovastage.wpengine.com/company/media-center,200
https://serenovastage.wpengine.com/company/news,200
https://serenovastage.wpengine.com/company/pressroom,200
https://serenovastage.wpengine.com/configuration,410
https://serenovastage.wpengine.com/contact,200
https://serenovastage.wpengine.com/contact-csm,200
https://serenovastage.wpengine.com/contact?CLS=MKTG_Website_Inquiry,200
https://serenovastage.wpengine.com/contact-center-solutions-week-in-review-serenova-amazon-genesys,410
https://serenovastage.wpengine.com/contact-us-skylight,200
https://serenovastage.wpengine.com/contracts,200
https://serenovastage.wpengine.com/crm-integrations,200
https://serenovastage.wpengine.com/crm-lite,404
https://serenovastage.wpengine.com/cxengage,200
https://serenovastage.wpengine.com/cxengage-old,200
https://serenovastage.wpengine.com/cxengage?CLS=MKTG_Website_Inquiry,404
https://serenovastage.wpengine.com/daxko-chooses-liveops-platform-with-salesforce-integration,404
https://serenovastage.wpengine.com/demo,200
https://serenovastage.wpengine.com/demo?CLS=MKTG_Website_Inquiry,404
https://serenovastage.wpengine.com/demo-skylight,200
https://serenovastage.wpengine.com/email,200
https://serenovastage.wpengine.com/facebook-messenger,200
https://serenovastage.wpengine.com/flow-designer,200
https://serenovastage.wpengine.com/inbound-call-center-software,200
https://serenovastage.wpengine.com/live-chat,200
https://serenovastage.wpengine.com/liveops-classic,200
https://serenovastage.wpengine.com/liveops-cloud-becomes-serenova,410
https://serenovastage.wpengine.com/liveops-for-microsoft-dynamics,410
https://serenovastage.wpengine.com/liveopsresearch,410
https://serenovastage.wpengine.com/liveops-in-aus,410
https://serenovastage.wpengine.com/liveops-in-nz,410
https://serenovastage.wpengine.com/mobile-terms-of-service,410
https://serenovastage.wpengine.com/node/2671,410
https://serenovastage.wpengine.com/our-approach,200
https://serenovastage.wpengine.com/outbound-call-center-software,410
https://serenovastage.wpengine.com/partner,404
https://serenovastage.wpengine.com/partners,404
https://serenovastage.wpengine.com/pricing,200
https://serenovastage.wpengine.com/privacy,404
https://serenovastage.wpengine.com/products,200
https://serenovastage.wpengine.com/product-updates,200
https://serenovastage.wpengine.com/product-updates/agent-experience/skylight-for-salesforce-lightning,200
https://serenovastage.wpengine.com/product-updates/all,200
https://serenovastage.wpengine.com/product-updates/reporting/reporting-api-end-points-rta-wfm-historical,200
https://serenovastage.wpengine.com/product/multichannel-agent-applications,410
https://serenovastage.wpengine.com/professional-services,404
https://serenovastage.wpengine.com/quote,200
https://serenovastage.wpengine.com/quote-skylight,200
https://serenovastage.wpengine.com/redirect-asset,410
https://serenovastage.wpengine.com/responsible-vulnerability-disclosure,410
https://serenovastage.wpengine.com/resource/360-degrees-of-customer-satisfaction,410
https://serenovastage.wpengine.com/resource/cxengage-flow-designer,200
https://serenovastage.wpengine.com/resource/cxengage-reporting-analytics,200
https://serenovastage.wpengine.com/resource/gartner-magic-quadrant-for-ccaas-2017,200
https://serenovastage.wpengine.com/resource/improve-multichannel-agent-productivity,200
https://serenovastage.wpengine.com/resource/kpi-guide-for-omnichannel-contact-centers,200
https://serenovastage.wpengine.com/resource/liveops-predictive-dialer,200
https://serenovastage.wpengine.com/resource/skylight-for-salesforce-demo,404
https://serenovastage.wpengine.com/resources,200
https://serenovastage.wpengine.com/resources/case-studies,200
https://serenovastage.wpengine.com/resources/data-sheets,200
https://serenovastage.wpengine.com/resources/demos,200
https://serenovastage.wpengine.com/resources/ebooks,200
https://serenovastage.wpengine.com/resources/engage-classic-overview,200
https://serenovastage.wpengine.com/resources/industry-reports,200
https://serenovastage.wpengine.com/resources/white-papers,200
https://serenovastage.wpengine.com/security-and-availability,200
https://serenovastage.wpengine.com/responsible-vulnerability-disclosure,410
https://serenovastage.wpengine.com/search/node,200
https://serenovastage.wpengine.com/search/node/,200
https://serenovastage.wpengine.com/service,410
https://serenovastage.wpengine.com/sfdc-integration,200
https://serenovastage.wpengine.com/sitemap,404
https://serenovastage.wpengine.com/skylight,404
https://serenovastage.wpengine.com/skylight-desktop,404
https://serenovastage.wpengine.com/skylight-for-salesforce,200
https://serenovastage.wpengine.com/skylight-for-zendesk,200
https://serenovastage.wpengine.com/skylight-family,410
https://serenovastage.wpengine.com/skylight-suite,410
https://serenovastage.wpengine.com/sms,200
https://serenovastage.wpengine.com/social-customer-service,200
https://serenovastage.wpengine.com/social-media-customer-service,200
https://serenovastage.wpengine.com/success-stories,200
https://serenovastage.wpengine.com/success-story/bolt-insurance,200
https://serenovastage.wpengine.com/success-story/intuitive-solutions,200
https://serenovastage.wpengine.com/success-story/lesconcierges,200
https://serenovastage.wpengine.com/success-story/parcelforce-worldwide,200
https://serenovastage.wpengine.com/success-story/salesforce,200
https://serenovastage.wpengine.com/support,200
https://serenovastage.wpengine.com/supportalert,410
https://serenovastage.wpengine.com/taxonomy/term/80,410
https://serenovastage.wpengine.com/taxonomy/term/81,410
https://serenovastage.wpengine.com/terms-of-service,200
https://serenovastage.wpengine.com/thank-you,200
https://serenovastage.wpengine.com/third-party-work,410
https://serenovastage.wpengine.com/trial,200
https://serenovastage.wpengine.com/trial-skylight,200
https://serenovastage.wpengine.com/unsubscribe,200
https://serenovastage.wpengine.com/user,200
https://serenovastage.wpengine.com/user/login,200
https://serenovastage.wpengine.com/video/axcient-improves-csat-agent-productivity,410
https://serenovastage.wpengine.com/video/les-concierges-delivers-world-class-service,410
https://serenovastage.wpengine.com/video/liveops-corporate-overview-video,410
https://serenovastage.wpengine.com/video/liveops-for-salesforce,410
https://serenovastage.wpengine.com/virtual-contact-center-software,200
https://serenovastage.wpengine.com/voice,410
https://serenovastage.wpengine.com/webrtc-call-center-solution,410
https://serenovastage.wpengine.com/wfo-ecosystem,200
https://serenovastage.wpengine.com/why-choose-us,200
https://serenovastage.wpengine.com/why-cloud,200
https://serenovastage.wpengine.com/become-a-partner,404
https://serenovastage.wpengine.com/buying-criteria,410
https://serenovastage.wpengine.com/case-study/bolt-insurance,200
https://serenovastage.wpengine.com/case-study/intuitive-solutions,200
https://serenovastage.wpengine.com/case-study/les-concierges,200
https://serenovastage.wpengine.com/case-study/parcelforce-worldwide,200
https://serenovastage.wpengine.com/case-study/salesforce,200
https://serenovastage.wpengine.com/company/green,410
https://serenovastage.wpengine.com/company/pressroom/,200
https://serenovastage.wpengine.com/company/resources,200
https://serenovastage.wpengine.com/connect/news,200
https://serenovastage.wpengine.com/contact-sales,200
https://serenovastage.wpengine.com/images/YourBrandOnSocialMedia.JPG,404
https://serenovastage.wpengine.com/liveops-for-salesforce,200
https://serenovastage.wpengine.com/node/1701,410
https://serenovastage.wpengine.com/node/1711,410
https://serenovastage.wpengine.com/node/1711/,410
https://serenovastage.wpengine.com/node/1726,410
https://serenovastage.wpengine.com/node/1731,410
https://serenovastage.wpengine.com/node/2551,410
https://serenovastage.wpengine.com/node/2556,410
https://serenovastage.wpengine.com/node/2566,410
https://serenovastage.wpengine.com/node/2581,410
https://serenovastage.wpengine.com/node/2631,410
https://serenovastage.wpengine.com/node/2876,410
https://serenovastage.wpengine.com/node/2891,410
https://serenovastage.wpengine.com/node/2901,410
https://serenovastage.wpengine.com/node/935,410
https://serenovastage.wpengine.com/overview,410
https://serenovastage.wpengine.com/pdf/LO_WP_social_customer_service.pdf,404
https://serenovastage.wpengine.com/product/liveops-chat,200
https://serenovastage.wpengine.com/product/liveops-cxengage-personalized-customer-service,200
https://serenovastage.wpengine.com/product/liveops-email,200
https://serenovastage.wpengine.com/product/liveops-engage,200
https://serenovastage.wpengine.com/product/liveops-visual,200
https://serenovastage.wpengine.com/product/liveops-voice-call-center,200
https://serenovastage.wpengine.com/product/social-facebook-twitter-crm,200
https://serenovastage.wpengine.com/product/whats-new-liveops-engage-2013,200
https://serenovastage.wpengine.com/sfdc-integration,200
https://serenovastage.wpengine.com/video/axcient-improves-customer-satisfaction-agent-productivity-liveops-for-salesforce,410
https://serenovastage.wpengine.com/video/les-concierges-delivers-world-class-customer-service-liveops-cloud-contact-center,410
https://serenovastage.wpengine.com/webrtc-solutions,410
https://serenovastage.wpengine.com/connect/pressroom,200
https://serenovastage.wpengine.com/connect/pressroom/2010-cis-magazine-award,404
https://serenovastage.wpengine.com/connect/pressroom/2010-crm-rising-star-award,404
https://serenovastage.wpengine.com/connect/pressroom/2010-ip-call-center-tech-award,404
https://serenovastage.wpengine.com/connect/pressroom/2011-american-business-award,404
https://serenovastage.wpengine.com/connect/pressroom/2013-alwayson-top-100-winner,200
https://serenovastage.wpengine.com/connect/pressroom/2013-era-d2c-convention,200
https://serenovastage.wpengine.com/connect/pressroom/2013-tmc-innovation-award,200
https://serenovastage.wpengine.com/connect/pressroom/2014-comm-product-of-year,200
https://serenovastage.wpengine.com/connect/pressroom/2014-contact-center-tech-award,200
https://serenovastage.wpengine.com/connect/pressroom/2014-cx-award-finalist,200
https://serenovastage.wpengine.com/connect/pressroom/2014-internet-telephony-award,200
https://serenovastage.wpengine.com/connect/pressroom/2014-ip-telephony-channel-award,200
https://serenovastage.wpengine.com/connect/pressroom/2015-comm-product-of-year,200
https://serenovastage.wpengine.com/connect/pressroom/2015-customer-magazine-award,200
https://serenovastage.wpengine.com/connect/pressroom/2015-ip-telephony-channel-award,200
https://serenovastage.wpengine.com/connect/pressroom/2016-channel-partners-conference,200
https://serenovastage.wpengine.com/connect/pressroom/2017-channel-partners-expo,200
https://serenovastage.wpengine.com/connect/pressroom/2017-customer-contact-tech-award,200
https://serenovastage.wpengine.com/connect/pressroom/alliance-with-connect-nz,200
https://serenovastage.wpengine.com/connect/pressroom/alwayson-oncloud-100-winner-2014,200
https://serenovastage.wpengine.com/connect/pressroom/alwayson-oncloud-100-winner-2015,200
https://serenovastage.wpengine.com/connect/pressroom/animal-health-provider-adopts-us,200
https://serenovastage.wpengine.com/connect/pressroom/axcient-improves-csat,200
https://serenovastage.wpengine.com/connect/pressroom/baker-johnson-named-vp-marketing,200
https://serenovastage.wpengine.com/connect/pressroom/bolt-jumpstarts-business,200
https://serenovastage.wpengine.com/connect/pressroom/boundless-adopts-serenova,200
https://serenovastage.wpengine.com/connect/pressroom/carmela-pinzone-svp-operations,200
https://serenovastage.wpengine.com/connect/pressroom/cedar-park-texas-hq-announced,200
https://serenovastage.wpengine.com/connect/pressroom/ceo-presenting-at-credit-suisse,200
https://serenovastage.wpengine.com/connect/pressroom/ceo-speaks-on-social-enterprise,200
https://serenovastage.wpengine.com/connect/pressroom/cloud-computing-excellence-award-2011,404
https://serenovastage.wpengine.com/connect/pressroom/cloud-excellence-award-2011,404
https://serenovastage.wpengine.com/connect/pressroom/cloud-partners-2014,200
https://serenovastage.wpengine.com/connect/pressroom/contact-center-conference-2013,200
https://serenovastage.wpengine.com/connect/pressroom/crm-evolution-2013,200
https://serenovastage.wpengine.com/connect/pressroom/cs-innovation-award-2012,404
https://serenovastage.wpengine.com/connect/pressroom/cti-integration-dynamics-crm,200
https://serenovastage.wpengine.com/connect/pressroom/cto-and-vp-product-management,200
https://serenovastage.wpengine.com/connect/pressroom/cto-at-call-center-week-2016,200
https://serenovastage.wpengine.com/connect/pressroom/customer-response-summit-memphis,200
https://serenovastage.wpengine.com/connect/pressroom/data-protection-firm-chooses-us,200
https://serenovastage.wpengine.com/connect/pressroom/datasquirt-acquisition-complete,404
https://serenovastage.wpengine.com/connect/pressroom/daxko-chooses-liveops,200
https://serenovastage.wpengine.com/connect/pressroom/deindeal-ag-chooses-liveops,200
https://serenovastage.wpengine.com/connect/pressroom/dennis-schmidt-joins-liveops,200
https://serenovastage.wpengine.com/connect/pressroom/dreamforce-2013,200
https://serenovastage.wpengine.com/connect/pressroom/dreamforce-2014,200
https://serenovastage.wpengine.com/connect/pressroom/em-software-company-selects-us,200
https://serenovastage.wpengine.com/connect/pressroom/enterprise-connect-2016,404
https://serenovastage.wpengine.com/connect/pressroom/enterprise-connect-2017,200
https://serenovastage.wpengine.com/connect/pressroom/gartner-2016-quadrant-challenger,200
https://serenovastage.wpengine.com/connect/pressroom/gartner-symposium-itxpo-2013,200
https://serenovastage.wpengine.com/connect/pressroom/gbb-and-big-awards,200
https://serenovastage.wpengine.com/connect/pressroom/hang-up-phones-contact-centers,200
https://serenovastage.wpengine.com/connect/pressroom/high-csat-utility-on-liveops,200
https://serenovastage.wpengine.com/connect/pressroom/icmi-demo-conference-2013,200
https://serenovastage.wpengine.com/connect/pressroom/icmi-expo-conference-2014,200
https://serenovastage.wpengine.com/connect/pressroom/icmi-expo-conference-2015,200
https://serenovastage.wpengine.com/connect/pressroom/icmi-expo-conference-2017,200
https://serenovastage.wpengine.com/connect/pressroom/interim-leadership-changes,200
https://serenovastage.wpengine.com/connect/pressroom/international-cloud-expo-2013,200
https://serenovastage.wpengine.com/connect/pressroom/intuitive-solutions-chooses-us,200
https://serenovastage.wpengine.com/connect/pressroom/irce-2013,200
https://serenovastage.wpengine.com/connect/pressroom/k-bowman-2015-crn-women-channel,200
https://serenovastage.wpengine.com/connect/pressroom/keith-geneva-named-cfo,200
https://serenovastage.wpengine.com/connect/pressroom/leading-uk-bpo-chooses-us,200
https://serenovastage.wpengine.com/connect/pressroom/lesconcierges-chooses-us,200
https://serenovastage.wpengine.com/connect/pressroom/liveops-acquires-userevents,200
https://serenovastage.wpengine.com/connect/pressroom/liveops-adtech-form-alliance,200
https://serenovastage.wpengine.com/connect/pressroom/liveops-and-drumbi-visual-ivr,200
https://serenovastage.wpengine.com/connect/pressroom/liveops-capstone-join-forces,200
https://serenovastage.wpengine.com/connect/pressroom/liveops-cloud-based-multichannel-application-wins-product-of-the-year-award,404
https://serenovastage.wpengine.com/connect/pressroom/liveops-cx-advantage,200
https://serenovastage.wpengine.com/connect/pressroom/liveops-cxengage-named-finalist-for-the-2014-customer-experience-innovation-award,404
https://serenovastage.wpengine.com/connect/pressroom/liveops-honored-with-a-2010-ip-contact-center-technology-pioneer-award-from-customer-interaction,404
https://serenovastage.wpengine.com/connect/pressroom/liveops-named-2010-crm-service-rising-star-by-crm-magazine,404
https://serenovastage.wpengine.com/connect/pressroom/liveops-named-alwayson-ondemand-top-100-winner,404
https://serenovastage.wpengine.com/connect/pressroom/liveops-names-vasili-triant-ceo,200
https://serenovastage.wpengine.com/connect/pressroom/liveops-powers-mitel-micontact,200
https://serenovastage.wpengine.com/connect/pressroom/liveops-raises-30-million,200
https://serenovastage.wpengine.com/connect/pressroom/liveops-receives-customer-interaction-solutionsr-magazines-2010-product-of-the-year-award,404
https://serenovastage.wpengine.com/connect/pressroom/liveops-receives-network-products-guide-2010-product-innovation-award,404
https://serenovastage.wpengine.com/connect/pressroom/liveops-selected-by-alwayson-as-an-ondemand-100-winner,404
https://serenovastage.wpengine.com/connect/pressroom/liveops-visual-co-browsing,200
https://serenovastage.wpengine.com/connect/pressroom/liveops-webrtc-solution-receives-2014-customer-contact-center-technology-award,404
https://serenovastage.wpengine.com/connect/pressroom/liveops-wins-2011-american-business-award,404
https://serenovastage.wpengine.com/connect/pressroom/liveops-zendesk-apps-integration,200
https://serenovastage.wpengine.com/connect/pressroom/liveopscloud-becomes-serenova,200
https://serenovastage.wpengine.com/connect/pressroom/liveopscloud-becomes-serenova-1,404
https://serenovastage.wpengine.com/connect/pressroom/marlin-acquire-liveops-platform,200
https://serenovastage.wpengine.com/connect/pressroom/marlin-equity-partners-to-acquire-serenova-platform-business,404
https://serenovastage.wpengine.com/connect/pressroom/meg-marsh-vp-people,200
https://serenovastage.wpengine.com/connect/pressroom/microsoft-convergence-con-2014,200
https://serenovastage.wpengine.com/connect/pressroom/multichannel-pivoting-patent,200
https://serenovastage.wpengine.com/connect/pressroom/named-industry-leader-by-ovum,200
https://serenovastage.wpengine.com/connect/pressroom/named-ovum-matrix-2015-leader,200
https://serenovastage.wpengine.com/connect/pressroom/neccf-2017,200
https://serenovastage.wpengine.com/connect/pressroom/new-board-appointment-2013,200
https://serenovastage.wpengine.com/connect/pressroom/new-enterprise-class-ccaas-debut,200
https://serenovastage.wpengine.com/connect/pressroom/new-liveops-agent-desktop,200
https://serenovastage.wpengine.com/connect/pressroom/new-new-zealand-technology-hub,200
https://serenovastage.wpengine.com/connect/pressroom/new-power-to-delight-ad-campaign,200
https://serenovastage.wpengine.com/connect/pressroom/new-sydney-data-centre,200
https://serenovastage.wpengine.com/connect/pressroom/new-vp-product-management,200
https://serenovastage.wpengine.com/connect/pressroom/npg-2010-innovation-award,404
https://serenovastage.wpengine.com/connect/pressroom/ondemand-2012-top-100-winner,404
https://serenovastage.wpengine.com/connect/pressroom/paces-2013-ny-tech-forum,200
https://serenovastage.wpengine.com/connect/pressroom/package-manufacturer-chooses-us,200
https://serenovastage.wpengine.com/connect/pressroom/partnering-with-teleopti-for-wfm,200
https://serenovastage.wpengine.com/connect/pressroom/pascal-vincent-named-cto,200
https://serenovastage.wpengine.com/connect/pressroom/phh-mortgage-moves-its-contact-center-to-the-cloud-with-serenova,200
https://serenovastage.wpengine.com/connect/pressroom/powering-mda-telethon,200
https://serenovastage.wpengine.com/connect/pressroom/preventing-better-experiences,200
https://serenovastage.wpengine.com/connect/pressroom/qliveops-receives-top-honors-from-leading-business-and-it-organizations,404
https://serenovastage.wpengine.com/connect/pressroom/real-estate-company-chooses-us,200
https://serenovastage.wpengine.com/connect/pressroom/research-happy-agents-impact-cx,200
https://serenovastage.wpengine.com/connect/pressroom/rob-clarke-2015-excellence-award,200
https://serenovastage.wpengine.com/connect/pressroom/salesforce-company-tour-2013,200
https://serenovastage.wpengine.com/connect/pressroom/salesforce-world-tour-2014,200
https://serenovastage.wpengine.com/connect/pressroom/salesforce1-london-2014-sponsor,200
https://serenovastage.wpengine.com/connect/pressroom/sap-sybase-execs-join-board,200
https://serenovastage.wpengine.com/connect/pressroom/serenova-acquires-telstrat,200
https://serenovastage.wpengine.com/connect/pressroom/serenova-awarded-cloud-computing-magazines-2018-product-of-the-year,200
https://serenovastage.wpengine.com/connect/pressroom/serenova-calabrio-partnership,200
https://serenovastage.wpengine.com/connect/pressroom/serenova-debuts-all-new-enterprise-class-contact-center-as-a-service,200
https://serenovastage.wpengine.com/connect/pressroom/serenova-empowers-the-contact-center-with-integrated-performance-management,200
https://serenovastage.wpengine.com/connect/pressroom/serenova-expands-executive-team-to-drive-contact-center-innovation-and-operational,200
https://serenovastage.wpengine.com/connect/pressroom/serenova-fully-integrates-quality-management-with-cxengage,200
https://serenovastage.wpengine.com/connect/pressroom/serenova-launches-skylight-for-crm,200
https://serenovastage.wpengine.com/connect/pressroom/serenova-named-a-strong-performer-among-cloud-contact-centers-by-independent,200
https://serenovastage.wpengine.com/connect/pressroom/serenova-offers-cxengage-trial,200
https://serenovastage.wpengine.com/connect/pressroom/serenova-receives-2018-contact-center-technology-award-from-customer-magazine,200
https://serenovastage.wpengine.com/connect/pressroom/serenova-strengthens-executive-leadership-team-with-key-hires,200
https://serenovastage.wpengine.com/connect/pressroom/serenova-unveils-all-new-agent-experience-in-cxengage,200
https://serenovastage.wpengine.com/connect/pressroom/stuart-clark-named-first-ciso,200
https://serenovastage.wpengine.com/connect/pressroom/svp-product-management-announced,200
https://serenovastage.wpengine.com/connect/pressroom/tmcnet-product-of-the-year-award,404
https://serenovastage.wpengine.com/connect/pressroom/tom-schollmeyer-appointed-ceo,200
https://serenovastage.wpengine.com/connect/pressroom/travel-provider-on-cxengage,200
https://serenovastage.wpengine.com/connect/pressroom/twilio-signal-2017,200
https://serenovastage.wpengine.com/connect/pressroom/unveiling-new-agent-experience,200
https://serenovastage.wpengine.com/connect/pressroom/video-game-firm-selects-us,200
https://serenovastage.wpengine.com/connect/pressroom/with-twilio-enterprise-connect,200
https://serenovastage.wpengine.com/classic,200
https://serenovastage.wpengine.com/classic/liveops-authoring,200
https://serenovastage.wpengine.com/classic/liveops-chat,200
https://serenovastage.wpengine.com/classic/liveops-email,200
https://serenovastage.wpengine.com/classic/liveops-engage,200
https://serenovastage.wpengine.com/classic/liveops-recording,200
https://serenovastage.wpengine.com/classic/liveops-reporting,200
https://serenovastage.wpengine.com/classic/liveops-social,200
https://serenovastage.wpengine.com/classic/liveops-voice,200
https://serenovastage.wpengine.com/classic/sms-text-messaging,200
https://serenovastage.wpengine.com/classic/twitter-customer-service,200
https://serenovastage.wpengine.com/cxengage-demo-agent-presence,200
https://serenovastage.wpengine.com/cxengage-demo-capacity-rules,404
https://serenovastage.wpengine.com/cxengage-demo-creating-configuring-tenants,404
https://serenovastage.wpengine.com/cxengage-demo-customer-journey,404
https://serenovastage.wpengine.com/cxengage-demo-dispatch-mapping,404
https://serenovastage.wpengine.com/cxengage-demo-flows,404
https://serenovastage.wpengine.com/cxengage-demo-integrations-business-hours,404
https://serenovastage.wpengine.com/cxengage-demo-lists-message-templates,410
https://serenovastage.wpengine.com/cxengage-demo-media,404
https://serenovastage.wpengine.com/cxengage-demo-outbound-campaign,410
https://serenovastage.wpengine.com/cxengage-demo-queues,404
https://serenovastage.wpengine.com/cxengage-demo-reporting-and-visualization,404
https://serenovastage.wpengine.com/cxengage-demo-roles-skills-groups,404
https://serenovastage.wpengine.com/cxengage-demo-skylight-agent-info-metrics,404
https://serenovastage.wpengine.com/cxengage-demo-skylight-agent-interface,404
https://serenovastage.wpengine.com/cxengage-demo-skylight-contact-attributes-layouts,404
https://serenovastage.wpengine.com/cxengage-demo-skylight-outbound-activities,404
https://serenovastage.wpengine.com/cxengage-product-updates,404
https://serenovastage.wpengine.com/cxengage-product-updates/non-voice-transfers,404
https://serenovastage.wpengine.com/cxengage-product-updates/reporting-api-endpoints,404
https://serenovastage.wpengine.com/cxengage-product-updates/secure-payment-integration,404
https://serenovastage.wpengine.com/cxengage-product-updates/single-sign-on,404
https://serenovastage.wpengine.com/cxengage-product-updates/skylight-for-salesforce,404
https://serenovastage.wpengine.com/cxengage-product-updates/skylight-for-zendesk,404
https://serenovastage.wpengine.com/cxengagecustomer-experience-roi-calculator,404
